,Count,Mean,Std.,Min,Median,Max
Sales,1017209.0,5773.818972305593,3849.9261752347593,0.0,5744.0,41551.0
Customers,1017209.0,633.1459464082602,464.41173388663236,0.0,609.0,7388.0
Open,1017209.0,0.8301066939045958,0.3755392246931948,0.0,1.0,1.0
Promo,1017209.0,0.3815145166824124,0.48575860487742,0.0,0.0,1.0
School Holiday,1017209.0,0.17864666946517382,0.38305636818092625,0.0,0.0,1.0
