Category,Group,Count,Mean sales,Median sales
Promo,No promotion,629129,4406.050805160786,4622.0
Promo,Promotion active,388080,7991.152045969903,7553.0
DayOfWeek,1,144730,7809.044510467767,7310.0
DayOfWeek,2,145664,7005.244466717926,6463.0
DayOfWeek,3,145665,6555.884138262451,6133.0
DayOfWeek,4,145845,6247.57591278412,6020.0
DayOfWeek,5,145845,6723.27430491275,6434.0
DayOfWeek,6,144730,5847.562599322877,5410.0
DayOfWeek,7,144730,204.18318938713466,0.0
